t,ang,ang_red
0.7924899999999866,5.836209191542971,0.1460437189102694
0.8821000000000083,5.016875337373571,0.10085933605474434
0.9268999999999892,5.734932091960823,0.07826966579555263
0.9716999999999985,5.689443129403397,0.05567999553634654
1.0164900000000046,0.6623792971761702,0.03309536761425357
1.0612900000000138,0.6649045185601682,0.010505697355047484
1.106089999999995,0.8622126452095935,6.271101334275443
1.1956900000000132,0.9069395512910338,6.22592199375703
1.240489999999994,5.797499770662081,6.203332323497839
1.2852900000000034,1.5142899787183646,6.180742653238632
1.3300900000000129,5.741024041901348,6.158152982979426
1.3748899999999935,5.727895268785326,6.1360567277066105
1.4196799999999996,5.741985889456137,6.114198002549155
1.4644700000000055,0.5482526577760333,6.092560716689641
1.5092600000000118,5.152886718937591,6.0711607638672564
1.554059999999993,4.967986835250325,6.050250526577721
1.6436799999999891,5.050438827130107,6.008857057012921
1.6884799999999984,4.983121311348838,5.988945732319736
1.7332700000000043,5.015437908234544,5.969492486317039
1.7780600000000106,5.134033377543683,5.950428123447436
1.8228499999999883,5.03012265609485,5.931773653677214
1.8676499999999976,5.088532289063145,5.913546334493959
1.9124500000000069,5.161818537219872,5.895747846893926
1.9572799999999968,5.0750210979180395,5.878391629612876
2.046860000000009,5.101816628073692,5.845204885190274
2.0916599999999903,5.108483866794119,5.829730054297885
2.13646,5.2008704122676175,5.814692824179355
2.181279999999987,5.14173064602517,5.8003471095805255
2.226069999999993,5.244600471628962,5.786513654456134
2.270870000000002,5.2381015890856535,5.773181210272275
2.3156700000000114,5.079197862027746,5.76035705135226
2.3604699999999923,4.71238898038469,5.748041969009935
2.4052599999999984,5.261245611459254,5.736543441202049
2.4948599999999885,5.062086647964831,5.714861763558445
2.539659999999998,6.11456724018913,5.704999603167267
2.584460000000007,5.308746060772009,5.695897013329065
2.629259999999988,5.250230025695632,5.687300197559941
2.674059999999997,5.111920269573349,5.679199904152184
2.7188600000000065,6.190409318352719,5.671584189018604
2.7636699999999905,6.098145705455711,5.664454625733089
2.8084599999999966,6.165871854062581,5.657797601663487
2.898050000000012,6.187056009266837,5.645790913072754
2.942859999999996,0.0705952624145234,5.640914744003247
2.987650000000002,0.03926468463575499,5.636374951258214
3.0324500000000114,5.339838867266711,5.632921857178202
3.077239999999989,5.327854681781044,5.629660443019915
3.122029999999995,5.705127224065219,5.6266165378395385
3.1668300000000045,6.058091249768743,5.623958415048715
3.2116300000000138,6.073331261541969,5.621837903332683
3.256460000000004,1.3565694408592281,5.619866098089495
3.3012600000000134,6.065703391402741,5.618058987322512
3.390829999999994,4.81306003539205,5.6158906785810165
3.4356300000000037,6.053152441107389,5.615033229366981
3.5700300000000027,5.817965223029088,5.614234183979998
3.614830000000012,5.729536928169439,5.614046845412916
3.659629999999993,5.728993810647419,5.613959019483593
3.7492300000000114,5.716131437122581,5.614422313900619
3.928419999999989,5.725092468287654,5.616584736191608
4.018020000000007,5.7063113860782035,5.618326752944602
4.107619999999997,5.685031015243591,5.620634827567969
4.152420000000006,5.701383357159102,5.621746447107175
4.242019999999997,5.700171407321426,5.623917037901382
4.286810000000003,5.702272313668014,5.62478221654345
4.376409999999993,5.692660679472346,5.627044999533309
4.466010000000011,5.690341900324813,5.629548736361761
4.5556100000000015,5.799906458567163,5.632092426510288
4.73481000000001,5.668133809580856,5.637776699937985
5.003600000000006,5.565445236602065,5.646784079525572
5.54119,5.660363690284078,5.665543380538858
5.899589999999989,5.305092669209565,5.678088880296086
6.213179999999994,5.741108603809237,5.689082144587962
6.257980000000003,5.734516826202605,5.6905530431711355
6.437180000000012,5.718529807234535,5.696787420246685
6.481979999999993,5.7274607547900285,5.698241129709869
6.526780000000002,5.74477921765118,5.6996852576227965
6.571580000000012,5.731407880228604,5.7010153703670365
6.750779999999992,5.72999210266747,5.707006233498622
6.840370000000007,5.727823160506125,5.7097944196883414
6.885169999999988,5.751566447567821,5.710993186880944
6.929969999999997,5.749352079285299,5.712250102254889
6.974770000000007,5.748775842105023,5.71352615213734
7.019569999999987,5.748293488566905,5.7147547334433915
7.064369999999997,5.729876758000287,5.715973760575923
7.109170000000006,5.747905331561396,5.717131671365996
7.2883600000000115,5.753302568155277,5.721482826404296
7.333159999999992,5.75205898398517,5.722452383695343
7.377960000000002,5.7523544138609495,5.723441264488962
7.467559999999992,5.731554473879132,5.725265244440756
7.512360000000001,5.757653138421086,5.726105486596375
7.55716000000001,5.723772439853351,5.726908363642335
7.601959999999991,5.728546848476612,5.727699872309975
7.69156000000001,5.7506233188423055,5.7292269739567105
7.736349999999987,5.736759899409014,5.729951818173229
7.870749999999987,5.736388721933703,5.731989441140993
7.915549999999996,5.724600470110089,5.732598212399918
7.960350000000005,5.72217244764651,5.733154002004905
8.005149999999986,5.716010150641684,5.733665799677794
8.049949999999995,5.725037846891919,5.734160383436463
8.139550000000014,5.745364102733821,5.735095508661008
8.184349999999995,5.720443659007791,5.735508866952657
8.229150000000004,5.753197270071564,5.735905408888205
8.273950000000013,5.752378617426677,5.736285889910577
8.318749999999994,5.750221184877677,5.736636712391301
8.36354,5.716769453508923,5.736970631876251
8.40834000000001,5.754775425452952,5.737244887857629
8.49794,5.755432385652006,5.737731958500163
8.542759999999987,5.739007711920824,5.737940163487524
8.587559999999996,5.751901787881482,5.7381371108691885
8.632329999999996,5.721154005703785,5.73832227850929
8.677120000000002,5.754037047881598,5.738482830621967
8.721920000000011,5.754173361072399,5.738630213770673
8.766719999999992,5.7534397873622085,5.738764351240741
8.811520000000002,5.748906990240539,5.738885229907878
8.901119999999992,5.750694052680361,5.7390804609307855
8.990749999999991,5.721478074786013,5.739229733002135
9.03555,5.750199613439116,5.739284515055766
9.08035000000001,5.715558282626593,5.739326660892935
9.12514999999999,5.752309127504725,5.739360919026054
9.16995,5.72045515114596,5.7393873146984085
9.21475000000001,5.719960612154443,5.739405943466947
9.259530000000012,5.710235517496755,5.739417460855063
9.304329999999991,5.750530742025665,5.739422177586733
9.349130000000002,5.722879436908838,5.739420348818525
9.43871999999999,5.748578552417963,5.739387941156508
9.48352,5.74557754531199,5.739358671037355
9.528320000000008,5.749370480618148,5.739321197363139
9.573119999999989,5.719459445072537,5.739278709671144
9.617919999999998,5.748311540539783,5.739231484231326
9.662720000000007,5.717570061773027,5.73917965401761
9.707539999999996,5.752065607052032,5.7391233446824845
9.752340000000004,5.747193611851665,5.739062727133152
9.797140000000011,5.719083777673003,5.738996038042641
9.886740000000003,5.751126926257134,5.738850528551783
9.931540000000012,5.720898139185306,5.738772128414555
9.976339999999992,5.717945714816967,5.738688728841027
10.02113,5.749798967814714,5.738602469061098
10.065940000000012,5.753491034644624,5.738513548849109
10.11072999999999,5.7452390214345606,5.738422191794224
10.15553,5.747198037784822,5.7383284763744316
10.200330000000008,5.722115301553868,5.738231653765706
10.289929999999998,5.745426784381278,5.7380305454485505
10.334730000000008,5.746525877867181,5.737927480261784
10.379529999999988,5.72251064608222,5.737823476748163
10.424319999999994,5.744463032792039,5.737717329399307
10.469130000000009,5.745834569836429,5.737609650992761
10.513929999999988,5.7213238662213906,5.73750165231033
10.558729999999995,5.743202445799673,5.737393268599556
10.603530000000006,5.717525336031863,5.737284502512717
10.693119999999992,5.748318206550876,5.7370636452193855
10.782720000000012,5.747806881235259,5.736842331434766
10.827519999999993,5.7217620385098495,5.736732956378226
10.872320000000002,5.745974993349571,5.736623623966301
10.917120000000011,5.720487784832868,5.736514830618322
11.05152000000001,5.731521442003186,5.7361867977527545
11.096319999999992,5.720880833642629,5.73608290600332
11.14112,5.745322001424414,5.73598023968127
11.18592000000001,5.716825312244863,5.73587880734571
11.230719999999993,5.719600318939739,5.735778609494545
11.275509999999995,5.728268494521141,5.735679644730621
11.320310000000006,5.739317751233764,5.735582540406919
11.365109999999987,5.745477889123233,5.735487800079829
11.409909999999996,5.730428871311652,5.735396582047955
11.454710000000006,5.728043234948388,5.735308403904122
11.544299999999993,5.72805257700588,5.735137003190241
11.589100000000002,5.72304861645819,5.735057810077334
11.633909999999986,5.738941298805825,5.734980730030672
11.678709999999995,5.730462673989897,5.73490590042898
11.7235,5.734330399221116,5.734833404498103
11.76830000000001,5.728741756793169,5.7347649157410805
11.813099999999991,5.734998432276898,5.734700224182464
11.90270000000001,5.740427895287559,5.734577303337981
11.9923,5.729149662598651,5.734463952264976
12.03710000000001,5.708339232543946,5.734412887968281
12.08189999999999,5.747764372440277,5.7343639790614285
12.1267,5.72548486572927,5.734319021244682
12.171500000000009,5.731572818811015,5.73427655217676
12.216289999999988,5.731484833221044,5.734236585563885
12.305890000000003,5.737005758467465,5.734163424111952
12.395489999999995,5.729027270125007,5.734103020451212
12.440290000000005,5.73371282429885,5.734080612397833
12.485090000000014,5.728672829171315,5.734060476404858
12.529889999999996,5.7355124408572475,5.734043855232492
12.57468,5.731999498143427,5.734031176432816
12.61948000000001,5.734130638992943,5.734021163814503
12.66427999999999,5.735258307719472,5.734013860363414
12.70908,5.734297506911882,5.734009175021799
12.75388000000001,5.736760857047153,5.734008736298363
12.84348,5.734952940848943,5.73401832318667
12.888280000000009,5.736683000398856,5.734029296545328
12.93307999999999,5.725011610994185,5.7340437861878195
12.97788,5.7364678900892,5.734060358168009
13.022680000000008,5.727799163294672,5.734079072490955
13.067479999999987,5.7333351116051805,5.73409994106968
13.112269999999995,5.72727939662407,5.734123934518933
13.157070000000004,5.734862603723854,5.734150591940838
13.246669999999996,5.732397270145004,5.734210677460726
13.336270000000011,5.731024706347148,5.734277459407721
13.381069999999994,5.733736036447684,5.734313508505023
13.425870000000003,5.734310515590904,5.734352010542513
13.470670000000013,5.737647432717303,5.734391871741848
13.515469999999992,5.735601075494464,5.734433025996276
13.560270000000004,5.734956368097208,5.734476198302871
13.649869999999993,5.737781620636497,5.7345661339381815
13.739460000000008,5.739394598458088,5.734660425505195
13.784269999999992,5.7310459652619254,5.734709901559305
13.829059999999998,5.735515562910573,5.7347602182293045
13.873860000000008,5.7319679792948515,5.734811984462717
13.918669999999992,5.737321925320743,5.734865273262824
13.963459999999998,5.734538174594574,5.73491946190631
14.008260000000009,5.734100167241219,5.734974515778692
14.097859999999995,5.734959530557958,5.735087618726577
14.142660000000006,5.736865252778815,5.7351457833221575
14.187459999999987,5.726180177257357,5.735204516442865
14.232259999999997,5.732289160050348,5.735264259250309
14.277060000000006,5.733199045524815,5.735325071210777
14.321859999999988,5.7346147983492735,5.7353865047704184
14.366659999999996,5.7405559400778685,5.735448558582158
14.411450000000002,5.733264863946269,5.735511459484014
14.456250000000011,5.742408019927953,5.735575081752317
14.545850000000002,5.731020195252094,5.735703826595691
14.59065000000001,5.740903745406934,5.735768905256341
14.635449999999992,5.729155792844959,5.735834666967763
14.68025,5.7395336632751,5.735900826718675
14.72505000000001,5.732538221031698,5.735967394059973
14.769849999999993,5.736801047511701,5.7360343555293225
14.81465,5.740782082875975,5.7361019019736466
14.90424999999999,5.736300931306986,5.73623827970976
14.993840000000006,5.732308486027363,5.736375983041804
15.038639999999988,5.745981495673588,5.736445690435625
15.083439999999996,5.731495788933363,5.736515707954928
15.128240000000003,5.739409058433675,5.736586251885028
15.173039999999986,5.738054500415133,5.73665716946324
15.217839999999995,5.738214341600844,5.7367284839054
15.26263,5.736346436067939,5.736800195947524
15.352229999999992,5.732687488107923,5.736945052094197
15.441840000000012,5.729999251153186,5.737091629831965
15.486639999999994,5.740727528188739,5.7371662104793835
15.53143,5.739592653459205,5.737241402773332
15.57623000000001,5.73968399172241,5.737317322764552
15.62102999999999,5.741978476503379,5.737393789190597
15.665819999999997,5.731580746043969,5.737470816197247
15.710620000000006,5.739946838480343,5.7375489344028905
15.755419999999988,5.735587685689327,5.7376279848936385
15.845020000000003,5.740358595278014,5.73778713222987
15.88982999999999,5.741174495478662,5.737867999466755
15.93463,5.735067328557557,5.737950122039023
15.979420000000005,5.73602524279838,5.738033132389052
16.024220000000014,5.73233311247576,5.738116741696803
16.069019999999995,5.742214319002946,5.7382009762696295
16.113820000000004,5.739375154809538,5.738286219043946
16.203419999999994,5.737286026236781,5.738458672134719
16.293020000000013,5.730914442392388,5.73863353296603
16.33780999999999,5.742159160535416,5.738722242241287
16.38261,5.736716641311216,5.738811516607134
16.47220999999999,5.74555271034328,5.738992122133362
16.51701,5.733689959882168,5.739084521536255
16.56181000000001,5.742219730423674,5.739177421840679
16.60660999999999,5.7329846649636265,5.73927134869278
16.696210000000008,5.744661459083943,5.73945988890746
16.74100999999999,5.739155455522653,5.739555506709207
16.785799999999995,5.731832450824943,5.739651421782989
16.830610000000007,5.736997769836828,5.739748525109684
16.875400000000013,5.733179019677147,5.739846359135258
16.920199999999994,5.742892956564237,5.73994459203094
17.009800000000013,5.737435883431412,5.740143484913631
17.054599999999994,5.74185985774905,5.740243869162647
17.144200000000012,5.733658708397997,5.740445874548288
17.188999999999993,5.752263750443858,5.7405474085733115
17.233800000000002,5.738563492444056,5.7406491752590405
17.27860000000001,5.744769457912295,5.740751544012668
17.3682,5.738478395899085,5.740957397985244
17.41300000000001,5.740681186679805,5.741060682416426
17.45778999999999,5.7405439939711655,5.7411640724827695
17.547390000000007,5.740321657663048,5.741371586044025
17.592189999999988,5.748023638893382,5.741475228496499
17.636989999999997,5.743512069670364,5.741578969121468
17.681790000000007,5.73626308819448,5.741682656536999
17.726589999999987,5.737960616006996,5.7417863742040876
17.771389999999997,5.742110184118351,5.74189000447591
17.816190000000006,5.750037796105483,5.741993539006624
17.905779999999993,5.746112781434055,5.7422002744351515
17.99538000000001,5.735865267771213,5.7424060830159736
18.04019,5.756841736777075,5.742507998271207
18.084990000000005,5.741087036665245,5.7426095287317205
18.12979000000001,5.743039209088713,5.742710573568565
18.17457999999999,5.754602117997484,5.742811135541334
18.21938,5.739896544462122,5.742911250086033
18.26418000000001,5.747272239090334,5.743010890182165
18.308969999999988,5.740769152114264,5.743110008860595
18.39858000000001,5.744844363740923,5.74330652001792
18.443369999999987,5.7400235472041015,5.74340330893837
18.48818,5.739379472196994,5.743499401723307
18.53298000000001,5.750860597459615,5.743594604998754
18.57777999999999,5.738045201240126,5.743689196418469
18.62258,5.744997636768398,5.743782733146469
18.667370000000005,5.756381839827482,5.743875731914096
18.712169999999983,5.737422628183302,5.743968205818108
18.756969999999995,5.75255729894138,5.7440598040802175
18.84657000000001,5.747308735788985,5.7442411476399
18.891369999999995,5.730129362503468,5.744330944583402
18.93616,5.755079534239204,5.744419828604984
18.98096000000001,5.735849162903594,5.744508210073092
19.02575999999999,5.752777679245735,5.744596075244458
19.11536000000001,5.74257032041255,5.744770279964798
19.16015999999999,5.752376166295897,5.744856592693874
19.20496,5.743456081533077,5.744942150677128
19.29455999999999,5.746391032909711,5.745112339232023
19.33936,5.749141339859091,5.745196508264062
19.38416000000001,5.733989073364384,5.745280297505497
19.42895999999999,5.741130623396287,5.745363474728918
19.47376,5.757121504772334,5.745446245227457
19.518560000000008,5.734036971952018,5.745528626938157
19.56335999999999,5.751958948259486,5.745610605518069
19.60816,5.734462758949457,5.745692188997398
19.697750000000013,5.750226862074456,5.7458538400194925
19.742549999999994,5.745558633296692,5.745933516831231
19.787350000000004,5.743941959662517,5.7460127977466815
19.832150000000013,5.742591615006825,5.746091468287798
19.876949999999997,5.76003354768964,5.746169678296856
19.921750000000003,5.743692091939735,5.746247406685428
19.96655000000001,5.756329046387404,5.746324607373745
20.011349999999997,5.747011421559782,5.746400858437075
20.05615,5.741482722330336,5.746476528789943
20.10094000000001,5.765572208582339,5.746551609684278
20.19054,5.744396536374956,5.746700299576657
20.235340000000008,5.748913641870124,5.746773079126524
20.28013999999999,5.742331639173103,5.746845136486396
20.32494,5.73261467841475,5.746916444163356
20.369740000000007,5.752415074511959,5.746986946015443
20.414530000000013,5.756375750908771,5.747055948300834
20.504130000000004,5.7438455019876615,5.747191932824353
20.548930000000013,5.743354764304732,5.74725674815421
20.593729999999997,5.746370903105992,5.747321053380807
20.63854000000001,5.739363380470614,5.747384694070385
20.683339999999987,5.757324724565593,5.747447611409623
20.728129999999997,5.753738537967668,5.747509037330427
20.77293,5.7431337113311,5.747569495736789
20.81773000000001,5.756225938300665,5.747628343044246
20.90732,5.750219911215587,5.747742846243018
20.99691999999999,5.765768845803352,5.747853442888826
21.08653000000001,5.745077711048224,5.747960086075852
21.13132999999999,5.768914518199949,5.748010239459471
21.17612,5.753327600693496,5.748058010487465
21.220920000000007,5.748878594156801,5.748104891145771
21.265719999999988,5.761515288342519,5.748150880251624
21.31052,5.755127687828004,5.748195014228515
21.40011000000001,5.748645353525996,5.7482817677321565
21.44492,5.767954976825523,5.748322959365325
21.489720000000005,5.748627767698844,5.748363677071749
21.534519999999983,5.749085638927941,5.748403116190587
21.57932,5.768089783684708,5.748439971265398
21.66892000000001,5.749307954264752,5.748509651850271
21.713719999999995,5.771412204770408,5.748542981871136
21.75851,5.756953861592601,5.748576114845473
21.84810999999999,5.743167818776059,5.748639774079561
21.89291,5.759543901844699,5.748671705071885
21.93771000000001,5.756280993903511,5.748703725333419
21.98250999999999,5.74384889948905,5.748735086553192
22.02731,5.764363399338541,5.748766604361055
22.1617,5.756045754784882,5.748856696528426
22.206500000000005,5.756914734469068,5.748888490631472
22.2961,5.73274052475361,5.7489505823201865
22.340900000000005,5.754966399134557,5.748983500183033
22.430489999999992,5.741819151534056,5.749049910865007
22.47529,5.751353155492944,5.749088069115503
22.52009000000001,5.773500612897433,5.749127120728767
22.56488999999999,5.742710536792264,5.749168446847135
22.65449000000001,5.74813685773843,5.749249466080286
22.69928999999999,5.776281670521267,5.749293986710202
22.74409,5.757641976717809,5.74933893667448
22.78889000000001,5.7435936211350915,5.749386378634506
22.83368999999999,5.775677389630429,5.749436579444988
22.92329000000001,5.742503806903079,5.749545141714843
23.01289,5.780857997613622,5.749664319998668
23.057690000000008,5.749339872327303,5.7497307879681365
23.14729,5.7563763660189,5.74986459631957
23.192080000000004,5.767834313722425,5.749937231781326
23.236880000000014,5.763331136146717,5.750011322161405
23.281679999999994,5.750231325772493,5.750088801700446
23.326480000000004,5.751415896534055,5.7501704803026135
23.416079999999997,5.647078873139388,5.750341807356843
23.50568000000001,5.66379010331387,5.750523625579253
23.59528,5.862814318870033,5.750716263263912
23.64008000000001,5.760610314893299,5.7508204472919395
23.684879999999996,5.732934932806241,5.750927923378467
23.72968,5.739754162257464,5.751037340256245
23.774470000000008,5.759007009408174,5.751150618350149
23.81926999999999,5.735332915844604,5.751266017167097
23.908870000000007,5.714706894770017,5.751506351406398
23.99847,5.759193570695313,5.751756647053116
24.043270000000007,5.736108334235769,5.751886903571038
24.088060000000013,5.727886131521439,5.752019531938052
24.132859999999997,5.75755966317471,5.752157274189652
24.177660000000003,5.742095646868736,5.752296879102649
24.22246000000001,5.638724602674419,5.752437216487683
24.267259999999997,6.113288744842745,5.752577557834836
24.31206,5.755600877496067,5.752717649115288
24.40164999999999,5.75563590148995,5.753004363847965
24.44645,5.741058121548893,5.753144545272732
24.49126000000001,5.764347080845285,5.753285491081326
24.536059999999992,5.729403661478864,5.753426800777968
24.670449999999988,5.754037290788244,5.753854835636051
24.71525,5.7729504055732646,5.753990132041171
24.804849999999988,5.743267464874583,5.7542578976882215
24.89445000000001,5.753146603877445,5.754515434400512
24.939249999999987,5.7730687642245355,5.7546304042776075
24.98405,5.7747641644498975,5.754740900293599
25.02885000000001,5.761742937336695,5.7548468776477675
25.073649999999983,5.755610176348147,5.754947064884193
25.118439999999996,5.7815067274809175,5.75504221497505
25.16324,5.800965773133591,5.755132007783944
25.208049999999982,5.729416150689799,5.7552107602835765
25.29764,5.750934644840514,5.755347279660563
25.34244000000001,5.773825223581965,5.75539613158905
25.38723999999999,5.789329054746678,5.755434179935937
25.43204,5.757240413360516,5.75545945891187
25.47684000000001,5.756804251764966,5.75547512510315
25.52163999999999,5.748928522483642,5.755480909359922
25.56643,5.793878809548355,5.755476571510049
25.61123000000001,5.755926529935439,5.755454438998607
25.70083,5.760278318852416,5.75538771319666
25.74563000000001,5.754290189052071,5.75533107836751
25.790429999999983,5.766040547494668,5.755264414599947
25.83523,5.7532235553134345,5.755181659019182
25.880030000000005,5.767709631367991,5.755087873950438
25.924829999999982,5.798563947316968,5.754983148317021
25.969629999999995,5.766346602809688,5.7548675033634344
26.01442,5.757641651297301,5.754741189269042
26.10401999999999,5.759987114487988,5.754450622932255
26.14882,5.772341257122398,5.754284287310351
26.19362000000001,5.738250035621826,5.754109849112827
26.23841999999999,5.765442387949154,5.753921474042724
26.28322,5.762722418947495,5.753724593305938
26.32802000000001,5.779704334318404,5.753519453379921
26.37281999999999,5.750676376250896,5.753306636825094
26.41762,5.766708079685656,5.7530831895963175
26.46242000000001,5.758902609581356,5.752854338861881
26.55202,5.782843036552717,5.752372847447188
26.596820000000008,5.797126632212559,5.752126651204297
26.64161999999999,5.770278818449691,5.7518730780961125
26.68642,5.764244910105415,5.751616590351578
26.731210000000004,5.768128259712979,5.751357735946373
26.776010000000014,5.793443910229937,5.751097204068835
26.820809999999994,5.964781646976869,5.75083564238181
26.910410000000013,5.651596007616968,5.750303320360864
26.955209999999997,5.7705956658541115,5.750045919373762
27.0,5.7210449889796084,5.749791622396147
27.04480000000001,5.728934691005805,5.749540722940056
27.08959999999999,5.956483463334204,5.749293921370324
27.134410000000003,5.769994783982146,5.749052221917039
27.17921000000001,5.764499317891984,5.748816528955711
27.224009999999996,5.687779359549785,5.748587385565265
27.26881,5.943698548166875,5.748365371260972
27.313600000000008,5.718852376492216,5.748151070620212
27.4032,5.776846031329603,5.747751200161263
27.448000000000008,5.734304281267103,5.747579658955072
27.49279999999999,5.687371482123208,5.7474195824473995
27.5376,5.885817347414205,5.747271510001681
27.582400000000007,5.7681556179072695,5.747135964408211
27.627199999999988,5.730946358930782,5.747013440435314
27.672,5.655314083683099,5.746904366071942
27.716790000000003,6.01891461171061,5.7468091342808885
27.76159000000001,5.693032146190226,5.746728013677542
27.851190000000003,5.73564909509045,5.746617607707445
27.89599000000001,5.628888260107022,5.746597432147491
27.940789999999996,0.15021161014487086,5.746599011669126
27.98559,6.041086581104998,5.746616533351017
28.03039000000001,5.715805918618563,5.746650229901026
28.075189999999992,5.700639327811963,5.746700271178161
28.11998,0.2997009629391392,5.746766746402501
28.164780000000007,5.995866486588326,5.746849716503381
28.20958999999999,5.767348770276639,5.746949176638117
28.299180000000007,5.710013109785038,5.747209226010038
28.343979999999988,5.6762585575234175,5.747373492871017
28.38878,0.2117393466038391,5.747560910312191
28.433580000000006,6.000331669558053,5.747764088406212
28.478379999999987,5.718491640732532,5.747982670234182
28.52318,5.6927132758893295,5.74821650803508
28.56798000000001,0.5319824142847616,5.748465385684309
28.61277000000001,0.3041698177428172,5.748728966125543
28.657569999999996,5.909257494687121,5.7490072479354035
28.74717000000001,5.774021070730758,5.749609014559708
28.791969999999992,5.742579487228718,5.749942233896316
28.83677,5.6936152025630475,5.750293295114118
28.88158000000001,1.5314877872253767,5.750655746612732
28.926350000000014,5.779883238789992,5.751028626657367
28.971149999999994,5.771552518688923,5.751412189113138
29.015950000000004,5.775877157771545,5.751805831394389
29.060730000000007,5.707922513325463,5.7522089676045765
29.105529999999987,0.4400656949715169,5.75262549130686
29.15033,5.887545862007854,5.753049352900397
29.239929999999987,5.7690088123403935,5.753928659057101
29.28473,5.729633064786158,5.754381317131114
29.329530000000005,0.5931893025280685,5.754839550658594
29.37432000000001,5.890069695693671,5.755302612083381
29.419119999999992,5.763631848955892,5.755770296051519
29.46392,5.769144674298768,5.756242072103251
29.508759999999995,5.734931065279438,5.756717922277062
29.598360000000014,5.716499846985122,5.7576820826830195
29.643159999999995,5.6235460471224235,5.758165653844354
29.687960000000004,5.961695276073945,5.758649914654628
29.732760000000013,5.776846028774715,5.7591346269085975
29.77754999999999,5.733618580243607,5.759620520742145
29.82235,5.717580324135215,5.760105863328608
29.86715000000001,5.702832272953758,5.760590177321885
29.91194999999999,5.791403356099318,5.761073107881325
29.95675,5.725982604727168,5.761554061365905
30.00155000000001,5.788334082222728,5.762030232192815
30.09114,5.784216357067321,5.762979714864682
30.135940000000005,5.804972643748705,5.7634447350521505
30.180739999999982,5.778391707247734,5.763905599219674
30.225539999999995,5.7761801140406215,5.7643620249069
30.270340000000004,5.7778323467689034,5.7648137319267905
30.315140000000014,5.784928640525257,5.765260407727071
30.359939999999995,5.81617077515937,5.765701819348417
30.404740000000004,5.781319907522036,5.766133319686096
30.494339999999998,5.776376278110922,5.766985706411495
30.53913,5.780408023855452,5.767397645291336
30.58393000000001,5.7859448729890905,5.767803664745702
30.628739999999997,5.7638475824841535,5.7682003184422745
30.67353,5.854762135317063,5.76858986036149
30.71833000000001,5.778730886749624,5.768972429851131
30.76312999999999,5.775784597520385,5.769347835250384
30.80793,5.784123728798527,5.769715997862443
30.89752999999999,5.83730512234932,5.770427175798399
30.94233,5.7512513123738005,5.770765666435071
30.987130000000008,5.594025918926746,5.7710973728855
31.03192999999999,5.771087395437363,5.771418171305228
31.07673,5.773950373000374,5.771731393145371
31.121520000000004,5.781553895387539,5.772036921297492
31.166320000000013,5.782487619741585,5.772335025269426
31.21113,5.779960021218867,5.772625735993855
31.255920000000003,5.775279900027826,5.772908763509628
31.345519999999997,5.77009601103395,5.77344710841902
31.390320000000003,5.775152165036107,5.77370159405084
31.43512000000001,5.779016251303197,5.773946011735336
31.479919999999996,5.781647846396684,5.774183751567282
31.52472,5.777442582242874,5.7744148248520855
31.569510000000008,5.776483856489299,5.774639408672484
31.61430999999999,5.772128640949547,5.774857711107194
31.65912,5.777212254490336,5.775069761243637
31.703910000000008,5.782324653841973,5.775272455423239
31.79351,5.781562008103672,5.775660954267547
31.83832000000001,5.780339878352724,5.775845744071475
31.88311999999999,5.772131787584543,5.776022635935548
31.92791,5.771634225270347,5.776194650309624
31.972710000000006,5.778065963410441,5.776362128174483
32.01750000000001,5.780621263032605,5.776525136392845
32.06229999999999,5.781565735968367,5.77668390975661
32.1071,5.776853093566539,5.776836645933626
32.19669999999999,5.77213555567425,5.777130947569378
32.2415,5.769440257568696,5.77727231384536
32.286309999999986,5.775393438048579,5.777410927406502
32.331109999999995,5.778440582786175,5.777544726419
32.375910000000005,5.782332710059767,5.7776758291181185
32.42070000000001,5.778551515295378,5.777804474223052
32.46549999999999,5.775035347940142,5.777930870701934
32.5103,5.77199024683526,5.778055141400121
32.59989999999999,5.7774743313536865,5.778295849758637
32.6447,5.782636903222804,5.778413813537623
32.689490000000006,5.782249898758964,5.7785306257528735
32.73429999999999,5.78319177329807,5.778645443200917
32.7791,5.7745468714765,5.7787592628043845
32.823890000000006,5.773198225461359,5.778872173688201
32.86868999999999,5.773555121129179,5.7789844112253865
32.91349,5.781300716015814,5.779096054084576
32.958290000000005,5.783504374179268,5.77920722085887
33.047889999999995,5.783583992907186,5.779427555731085
33.092690000000005,5.778822619438675,5.779538063884426
33.137490000000014,5.777481134075033,5.779648357782862
33.182289999999995,5.775639069918749,5.779758733927469
33.22708,5.778228172824344,5.779869211250522
33.27188000000001,5.783901416871778,5.779979921520677
33.316689999999994,5.784372640516994,5.7800909080349
33.36149,5.784446878226901,5.780202161797115
33.40628000000001,5.78350988832312,5.780314052831595
33.49588,5.7747816019282485,5.780538552475981
33.540670000000006,5.77514645947121,5.780651742427992
33.58547999999999,5.782084616569562,5.7807655911413915
33.63028,5.768240623849765,5.780879844047972
33.67508000000001,6.036135262559886,5.780994531884317
33.71987999999999,5.783983089155994,5.781109650336053
33.764669999999995,5.782650377241589,5.781225165789603
33.809470000000005,5.776508460442442,5.781341116031068
33.89908,5.773784557488255,5.781574626286026
33.94388000000001,5.776757313364419,5.7816919624928715
33.98867000000001,5.7878439734691725,5.781809488300178
34.033469999999994,5.786977354694545,5.781927486213581
34.07826,5.788713232456043,5.78204564733357
34.12306000000001,5.7762523211660675,5.782163983075242
34.16786999999999,5.611852464171934,5.782282460768886
34.21267,5.7809313750802565,5.782400992919088
34.25747000000001,5.78304610198279,5.782519546688206
34.34706,5.785713945406517,5.782756975714658
34.39186000000001,5.7874419513056345,5.782875166899814
34.43665999999999,5.789173187793389,5.782993206933414
34.48146,5.78611581188114,5.783110992514202
34.52626000000001,5.780838781482627,5.783228489685239
34.571050000000014,5.779487838487398,5.7833456248744115
34.615849999999995,5.784711458987353,5.783462415283379
34.660650000000004,5.788260899657951,5.783578799546908
34.70545000000001,5.788720503898629,5.783694322855311
34.79505,5.788262115747605,5.7839245819353415
34.83985000000001,5.787392359915444,5.78403836077392
34.88466,5.78122919208782,5.784151349377204
34.92945,5.779003829016509,5.784263624552929
34.97425000000001,5.785521469663626,5.784375235249145
35.01904999999999,5.786812174516363,5.784486134612458
35.06385,5.789092212349804,5.784596302709306
35.10865000000001,5.789552511721959,5.784705697363049
35.19824,5.789553115753156,5.784921889061683
35.24304000000001,5.782013670395271,5.785028122956239
35.28783999999999,5.779389990070327,5.785133633995102
35.33264,5.78376860471856,5.785237980150612
35.37744000000001,5.782720007280453,5.785341505298035
35.42223999999999,5.78951391509505,5.785444212726712
35.46704,5.78997455140421,5.785546101513587
35.51184000000001,5.789515117441619,5.785647155015834
35.55663999999999,5.786878449419951,5.785746904762292
35.646240000000006,5.78065588422246,5.785944252262997
35.69103999999999,5.780656487439185,5.786041454138452
35.73584,5.784174015623127,5.786137522798529
35.780640000000005,5.790753125868523,5.786232856282988
35.82543000000001,5.789518697474435,5.786327437041863
35.87022999999999,5.792164059961319,5.786421334626149
35.915040000000005,5.790824277058491,5.786514562733367
35.95983000000001,5.786350428806609,5.78660671143909
36.04943,5.781051127823003,5.7867893114258635
36.09423000000001,5.783214593460269,5.786879505720078
36.13902999999999,5.7868253755892445,5.786969189049773
36.18383,5.791253809075047,5.787058007919062
36.22863000000001,5.791712673207951,5.787146303025242
36.27342999999999,5.7912550009639885,5.787234107631405
36.31823,5.7903683413214795,5.78732143937445
36.363020000000006,5.784991356167716,5.787408298501714
36.45262,5.7809580869672095,5.787580425387132
36.497420000000005,5.780859550780414,5.787665776977623
36.54221999999999,5.789441009429066,5.787750816858662
36.58702,5.789441602188883,5.787835326139556
36.631820000000005,5.788550908804426,5.787919525011201
36.67661000000001,5.7916892545802146,5.78800340441023
36.72140999999999,5.787187705516092,5.788087028848691
36.76622,5.784923379461524,5.788170411659127
36.81101000000001,5.781358206438309,5.788253510288761
36.90061,5.784031820836013,5.788418936684037
36.94541000000001,5.790766755900404,5.788501214177026
36.99020999999999,5.791231458508637,5.7885832134987405
37.03501,5.791664260852213,5.788665043459951
37.07981000000001,5.791664849952511,5.78874670646818
37.12459999999999,5.790302194866026,5.7888281967703
37.1694,5.7853395483472605,5.788909555394134
37.21421000000001,5.783058793542131,5.788990787195845
37.25899999999999,5.785340726297207,5.789071841897753
37.30381,5.791203348728517,5.789152726075627
37.393400000000014,5.792103611333014,5.789314044655297
37.4382,5.793464172276443,5.789394429217191
37.483,5.792566720493979,5.789474688475073
37.52780000000001,5.790738450795154,5.789554824938839
37.57258999999999,5.788037728009047,5.789634819918604
37.61739,5.7807728284075335,5.789714708633302
37.66219000000001,5.786242395640371,5.789794472510578
37.70698999999999,5.7907407900971775,5.789874105676048
37.79659000000001,5.795715637330431,5.790032952116485
37.84138999999999,5.796168112826783,5.790112074482456
37.88619,5.794813670004936,5.790191074211628
37.93099000000001,5.793452283869811,5.790269885780369
37.97578999999999,5.7898006583596535,5.790348561012231
38.02059,5.78618115116428,5.79042709783846
38.06539000000001,5.78388596163181,5.790505494482693
38.11018999999999,5.79118006859745,5.7905837496244725
38.15499,5.794359976410401,5.7906617655250034
38.24458000000001,5.792993261983157,5.7908174305551965
38.28938,5.793901172274936,5.790894972999713
38.33418,5.7948099584882575,5.790972302284448
38.37898000000001,5.790712558225834,5.791049481458564
38.42378,5.7843029957104966,5.791126508744071
38.46858,5.7828995365820335,5.791203385560238
38.51338000000001,5.789807067697264,5.79128011152772
38.55817999999999,5.794352619874298,5.791356686832057
38.64778000000001,5.796177369631909,5.791509309423923
38.69257999999999,5.7952654212397965,5.79158529463939
38.73737,5.794354357317075,5.791661130148523
38.78218000000001,5.793444178218537,5.791736784632507
38.82696999999999,5.786547050536501,5.791812259497589
38.87177,5.783316136134537,5.791887608430838
38.91657000000001,5.789769400164214,5.7919628152697475
38.96136999999999,5.793428274244021,5.792037877477609
39.00617,5.7984747356361055,5.792112797365037
39.09576999999999,5.79664065478544,5.792262117305693
39.14057,5.7975581129202425,5.79233650118339
39.18536,5.795722750141378,5.792410678063789
39.23016000000001,5.791126238246504,5.792484742413044
39.27495999999999,5.784233758311237,5.792558676543353
39.31976,5.7869786533716665,5.792632483539679
39.36456000000001,5.792045574055121,5.792706163987157
39.40935999999999,5.792964662136064,5.792779646419514
39.45416,5.797562109134407,5.792853014796474
39.54375999999999,5.79572675655615,5.792999399957257
39.58856,5.796188273849613,5.793072375912004
39.63335000000001,5.793417302971645,5.7931451574285875
39.67814999999999,5.785999011812878,5.793217835128562
39.72296,5.78784410163101,5.793290411978921
39.76775000000001,5.790175752347089,5.793362840260843
39.81254999999999,5.797116777264056,5.793435169970891
39.902150000000006,5.7975758671684146,5.793579543288241
39.94694999999999,5.795267509536823,5.793651423242633
39.99175,5.796192830614108,5.793723209931659
40.036550000000005,5.796193400496754,5.793794904938053
40.08134999999999,5.79062179877507,5.793866450192407
40.12615,5.78593526025282,5.793937899790633
40.17094,5.787792755469419,5.794009243440796
40.215750000000014,5.794804216152885,5.794080532790259
40.26055,5.798519867034659,5.794151724470159
40.30534,5.799904841284283,5.794222825737076
40.39493999999999,5.799905408691701,5.7943647192517425
40.43974,5.798521569957876,5.7944355462732835
40.48454000000001,5.793864885282525,5.79450634047188
40.52933999999999,5.789657420739822,5.794577108789695
40.57414,5.789657988124224,5.794647858949199
40.61894000000001,5.79200385256326,5.794718602041097
40.66373999999999,5.797132664196136,5.794789347643143
40.70854,5.799455991796074,5.794860106716827
40.753330000000005,5.799456557444622,5.794930930892695
40.84293,5.798067184939176,5.79507255096063
40.887730000000005,5.795735845035111,5.79514358923666
40.932530000000014,5.789661982986501,5.795214733973101
40.97733,5.7881852446224,5.7952860073036705
41.02213,5.792461061554689,5.795357424454125
41.06693000000001,5.797143515817496,5.795429001082431
41.11171999999999,5.798545216590813,5.795500737106564
41.15652,5.799483148028642,5.795572698597791
41.24613,5.800422002089823,5.795717222067182
41.29093,5.797620044777009,5.795790173363596
41.33572000000001,5.793379755986988,5.795863387689885
41.38051999999999,5.789129612592882,5.79593702100591
41.42532,5.790561048936775,5.796011001761413
41.47012000000001,5.7957393969987745,5.796085349874078
41.51491999999999,5.80230468890077,5.796160085354926
41.55972,5.801854252600068,5.796235227974424
41.604510000000005,5.800455298042035,5.796311122826665
41.69411,5.8004558555178205,5.796463831659605
41.73891,5.797157234268958,5.796541300632421
41.78371000000001,5.790032571217622,5.796619486151676
41.82851,5.790526727251095,5.796698232476128
41.87331,5.792445047083551,5.796777557841314
41.91811000000001,5.797627298342122,5.796857474961199
41.96291,5.802351413681745,5.796938025160117
42.00771,5.799052720713174,5.797019237408179
42.09730999999999,5.799053277170329,5.797183789450891
42.14214000000001,5.796217036540706,5.797267734129587
42.18693999999999,5.790985264208949,5.797352243986175
42.23174,5.790531220615579,5.7974377322478805
42.27654000000001,5.791022241316715,5.797523925663619
42.32133999999999,5.795745661888161,5.797610824838398
42.36614,5.802852184575302,5.797698435309543
42.41094000000001,5.802852738130663,5.797787255998293
42.45573999999999,5.800031343318626,5.797877148960771
42.54534000000001,5.800031895243932,5.798058684817606
42.59013999999999,5.790953384121437,5.7981507737434566
42.63494,5.790953937081647,5.798243893202724
42.679730000000006,5.795272928656904,5.798337655441181
42.72452999999999,5.799080056917845,5.798432118139858
42.76933,5.803356601112604,5.798527253458254
42.814130000000006,5.801946131126734,5.798623062019783
42.90373,5.8005279939324,5.798817310755218
42.99332999999999,5.793338956523057,5.799014015113422
43.03813,5.794314384289476,5.799113930880466
43.082930000000005,5.797659602727238,5.799214447429649
43.127730000000014,5.800038491533186,5.799315907728367
43.17253,5.804315988810304,5.799418023932555
43.21732,5.802450369204256,5.799520754876797
43.26212000000001,5.801491172272174,5.799624138213573
43.30691999999999,5.797672354426253,5.799728138705342
43.39652000000001,5.792851208314435,5.799938530457301
43.44131999999999,5.794791605558655,5.800045110587679
43.48612,5.7981484713713325,5.800152527750057
43.530910000000006,5.805338634819535,5.800260851810809
43.57570999999999,5.8072673124059975,5.80036981321139
43.62051,5.8048883770718716,5.8004793868975275
43.665310000000005,5.802498779076521,5.800589554223539
43.71010999999999,5.7976868730966595,5.800700307251714
43.75492,5.792360240001615,5.800811673530766
43.84451999999999,5.795272346523112,5.801036560635384
43.88931,5.80103485156509,5.8011500459030785
43.93411,5.805858100800651,5.801264325835031
43.97891000000001,5.808763872281276,5.801379104990977
44.02369999999999,5.803981195000164,5.801494344040173
44.0685,5.802547233759649,5.801610073313341
44.11330000000001,5.796239113754037,5.801726257447299
44.15810999999999,5.7952694058417205,5.801842910943671
44.20291,5.801072299363795,5.801960191794986
44.29250999999999,5.805410513444504,5.802195973531996
44.33731,5.80593004150863,5.802314521734039
44.38211000000001,5.806904854647242,5.802433619153645
44.42689999999999,5.805476796106183,5.802553025098664
44.4717,5.799180381177594,5.802672771648133
44.51650000000001,5.797221611615507,5.802792819950005
44.56129999999999,5.799635766568886,5.802913156446634
44.6061,5.80352744023137,5.803033767318804
44.69569999999999,5.808859547272589,5.803275994303272
44.7405,5.806457245820118,5.8033974980524095
44.78530000000001,5.803580728694775,5.803519167622134
44.83009999999999,5.798204014266264,5.803641131418269
44.8749,5.796737958541988,5.803763249446499
44.91969,5.79771020143344,5.803885473329352
44.96449000000001,5.806459912907027,5.804007839272496
45.00928999999999,5.809936879521625,5.804130301312113
45.05408,5.809492148659729,5.804252820100424
45.14367999999999,5.806076750428522,5.804498292367431
45.18849,5.7997153221738635,5.804621011971344
45.23329000000001,5.795757124748544,5.804743754512189
45.27807999999999,5.800170164832732,5.804866453736706
45.32288,5.808507587595218,5.804989153532709
45.36768000000001,5.81103061095018,5.805111809023788
45.41247999999999,5.810038883465752,5.805234326518503
45.45728,5.807603666767692,5.805356681963551
45.54687000000001,5.799234023289779,5.805601337898039
45.59166999999999,5.796749017333205,5.80572335650791
45.63647,5.804108629300006,5.805845263715553
45.68127000000001,5.810041514474913,5.805966985982213
45.72606999999999,5.811034295083922,5.806088555389385
45.77087,5.811586115989272,5.806209961101662
45.81567000000001,5.80668973817001,5.806331196028558
45.90527,5.799237763610488,5.806573214990811
45.99486999999999,5.804635148493397,5.806814300963676
46.03966,5.8125860823852005,5.806934194142332
46.08446000000001,5.81558473401308,5.80705390600155
46.12925999999999,5.813710809574367,5.807173305002469
46.17407,5.807232582854767,5.80729249125161
46.21886000000001,5.79924149059512,5.807411380840345
46.26365999999999,5.801712593114558,5.807530054410586
46.30846,5.809600218821814,5.80764848621198
46.353260000000006,5.816589248959375,5.807766494142231
46.44286,5.812708299300317,5.808001769875965
46.487660000000005,5.810249712684865,5.808118782042231
46.53245000000001,5.801794754580097,5.80823537581713
46.57724999999999,5.800240517498595,5.808351733285573
46.62205,5.807697619301388,5.80846782796769
46.66685000000001,5.819182761017761,5.808583665127993
46.71164999999999,5.813717053384715,5.80869924741416
46.75645,5.811369058608172,5.808814574732391
46.84604999999999,5.806852834583143,5.809044315348944
46.89085,5.799783910320064,5.809158713854994
46.93565000000001,5.805771315702332,5.8092729170853215
46.98044999999999,5.814288014915557,5.80938678945927
47.02525,5.818338179715244,5.8095004610221315
47.070040000000006,5.811936843256036,5.809613917124893
47.11484999999999,5.805913334236972,5.8097272393442685
47.15965,5.799295108029356,5.809840356269331
47.204440000000005,5.804296929314209,5.80995319784433
47.29404,5.8132812764893655,5.810178422284503
47.338840000000005,5.815879528086492,5.810290801610303
47.383640000000014,5.81250906264103,5.8104029694920545
47.42844,5.810005291004874,5.810515014352449
47.47324,5.802861640341875,5.810626939549353
47.51804000000001,5.804834975562162,5.810738755243602
47.56282999999999,5.815882080863775,5.810850441480886
47.60763,5.833811175729109,5.8109620115767475
47.69722999999999,0.29953805636485475,5.811184876883826
47.74203,5.818075571255422,5.811296174789068
47.78683000000001,5.807876350567229,5.811407403968928
47.83162999999999,5.808340202545176,5.811518520564304
47.87643,5.817917960940003,5.811629571446139
47.92123000000001,5.821997543824595,5.811740563162205
47.96602999999999,5.816175908820962,5.811851498458417
48.01083,5.810576050177602,5.811962381150866
48.100420000000014,5.803941092937353,5.812183964991287
48.14522,5.805923207472048,5.812294675638816
48.19002,5.821581787632735,5.812405358471641
48.23482000000001,5.818080662560503,5.812515992851697
48.27962,5.81677032093039,5.812626604028893
48.32442,5.807581432816574,5.812737195569824
48.36922000000001,5.804426884321613,5.812847773088544
48.41400999999999,5.8114966427212655,5.812958318475943
48.45881,5.821163672146474,5.8130689025809605
48.50362000000001,5.820313185393742,5.813179527264709
48.59321,5.81334663276587,5.813400653514716
48.63801000000001,5.802971364845555,5.813511319038002
48.68280999999999,5.807501455783458,5.8136220333805255
48.72761,5.816183508831217,5.813732804524461
48.77241000000001,5.821964769017876,5.813843641807428
48.81720999999999,5.819017465019616,5.813954553780596
48.90681000000001,5.8073908439928905,5.814176470317477
48.9964,5.80909128280085,5.814398866082031
49.0412,5.824466955672635,5.814510543839701
49.08600999999999,5.823209499517735,5.814622433983298
49.1308,5.816037548612958,5.814734475832717
49.1756,5.805109132777028,5.814846811208306
49.22040000000001,5.809659073493669,5.814959400508033
49.26521,5.819890768925538,5.815072286188626
49.31,5.824262088259584,5.81518540870346
49.35480000000001,5.81981010245632,5.815299168274434
49.44439,5.810915192926709,5.815527270173271
49.48919000000001,5.803577733792643,5.815642450693949
49.53398999999999,5.815893797227567,5.815758267000987
49.57879,5.824264548600342,5.815874632871414
49.62359000000001,5.822361555704489,5.815991581091976
49.66838999999999,5.814677219841245,5.8161091443603965
49.71319,5.806718300154779,5.816227353450305
49.75799000000001,5.810808770904989,5.816346241632441
49.84759,5.824899935187995,5.816586239883346
49.892390000000006,5.826181718477632,5.816708260073868
49.93718999999999,5.817414434142144,5.816831104900277
49.98197999999999,5.808339191597162,5.816955151791709
50.02678,5.802635123988214,5.817080204603757
50.07158000000001,5.827014983545882,5.817206268342548
50.11637999999999,5.824696604884295,5.8173333809571055
50.16118,5.822131763056057,5.817461577203313
50.20598000000001,5.805819996043023,5.81759094051063
50.29558,5.809396162152493,5.817853639667141
50.34038000000001,5.820877776019012,5.817987892398425
50.38517999999999,5.826835058528271,5.818123901873656
50.42998,5.821257287200114,5.8182612590795175
50.47478000000001,5.81008264430092,5.818400005584485
50.51957999999999,5.8115100226371,5.818540167680397
50.56437,5.820442437848112,5.818681814826558
50.60918000000001,5.826417981761082,5.8188250563220825
50.65397999999999,5.82233567745218,5.818970822446054
50.743570000000005,5.807549819214681,5.8192658470471
50.78836999999999,5.823069859461216,5.81941668136764
50.83317,0.614636733242541,5.819569813417496
50.877970000000005,5.830457634864149,5.819724615635524
50.922770000000014,5.827734639169636,5.819881100996384
50.96757,5.81436591492917,5.820039363770684
51.01237,5.814690086718452,5.820200662044962
51.05716000000001,5.8283240001751855,5.820363569689939
51.14676,5.830314297281801,5.820693674584448
51.19156000000001,5.822542209692205,5.8208623903370755
51.23635999999999,5.813900246606523,5.8210328196555485
51.28116,5.808728813175853,5.82120599793373
51.32596000000001,5.834355048716872,5.821381087550388
51.37075999999999,5.828404234554585,5.821558074564007
51.41556,5.819927377266837,5.821738229331158
51.50514999999999,5.811753801957953,5.822104056863581
51.54995,5.828272169830175,5.822291624684161
51.594750000000005,6.034352365749693,5.822480728930029
51.639550000000014,5.717250716766,5.8226714346378605
51.68435,5.832205846645227,5.822865115212123
51.72915,5.8210778806716155,5.823060751918465
51.77395000000001,5.825973242366514,5.82325838385314
51.81875,5.832484156143966,5.823457983216968
51.90835000000001,5.826352688812565,5.8238632794273055
51.99795,5.816521193797125,5.824277884492109
52.04275000000001,5.828162577582076,5.824490683109328
52.08754999999999,5.845759548840022,5.824706418315649
52.13235,5.943919068826195,5.824924380746605
52.17714000000001,5.81667974726787,5.825144569670817
52.22193999999999,5.822149913534987,5.8253671166627905
52.26674,5.833571727844044,5.825591939028909
52.31154000000001,5.83714568612473,5.825819023591613
52.35633999999999,5.824509891356549,5.826048332709929
52.44594000000001,5.813439193831241,5.826516802633119
52.49073999999999,5.812361048735308,5.826757344275739
52.53554,5.832086863712577,5.827001461186782
52.58034000000001,5.830859121064122,5.827248096300745
52.62513999999999,5.822760207710809,5.827497228666203
52.66993,5.819485328962705,5.827748800938396
52.71473,5.831002500105982,5.82800291125741
52.75953000000001,5.918901819091793,5.828259480463607
52.80432999999999,0.08799860107690193,5.828518475123735
52.89393000000001,5.813011613633987,5.829045814231359
52.93872999999999,5.834161490648574,5.829313988269516
52.98353,5.847107265239401,5.829585332148719
53.02833000000001,5.845549148329227,5.829858620725663
53.07311999999999,5.821822914856574,5.830133679972123
53.11793,5.8201274267737375,5.830410610675956
53.16273000000001,5.820507318280526,5.8306891340423235
53.20751999999999,5.912233979233777,5.830969133849288
53.25232,0.3600230859954146,5.8312505630834695
53.34191000000001,5.815459325258165,5.831819325473679
53.38672,5.8191349217468815,5.832104783451353
53.431520000000006,5.840796171632276,5.832391420280311
53.47631999999999,5.838525894127749,5.832678356430132
53.52112,5.825413186770118,5.832965376242399
53.56591,5.821226854232168,5.833252242647915
53.61071999999999,5.832781139542545,5.833538974103411
53.65550999999999,5.838195102334672,5.833824977077643
53.70031,5.831699565373855,5.834109235608929
53.78990999999999,5.82097088680434,5.834678331811652
53.83471,5.811774642541085,5.834958643834168
53.87951000000001,5.841909445013675,5.835236967057484
53.92430999999999,5.835804473656663,5.835513158954942
53.96911,5.824079322951646,5.835786773864048
54.01391000000001,5.818647638722917,5.836057668384006
54.05870999999999,5.828333676369511,5.8363256843227695
54.1035,5.833955465621942,5.83658776575487
54.19309999999999,5.824306279696854,5.837107420843318
54.2379,5.823860133151413,5.837358185482153
54.282700000000006,5.834674477538631,5.837605269850652
54.32749999999999,5.966232928920946,5.837846724204011
54.37228999999999,0.2124042067844703,5.838083725567751
54.41709,5.852416630846625,5.8383127159441734
54.46189000000001,5.8521865141206595,5.838537629349156
54.50668999999999,5.8521869778369275,5.8387580685030445
54.59629000000001,5.908476142786772,5.8391825016436
54.64108999999999,5.753173006477611,5.839383577782053
54.68589,5.837275578627294,5.839580609327704
54.73069000000001,5.960954298009415,5.839769970855577
54.77548999999999,6.142955600649245,5.83995428354476
54.82029,5.862541903242329,5.840133453622164
54.90988999999999,5.87574808727667,5.840477578738989
54.95469,5.847786166831246,5.840639917289139
54.99949000000001,5.788347011790808,5.840792936414821
55.08909,5.822936940063053,5.841089624296559
55.13389000000001,5.847483195117267,5.8412262725668445
55.178680000000014,5.849015315312077,5.841355839796123
55.22348,5.821052328639963,5.841480677398247
55.26828,5.826587701929807,5.841600787755665
55.313080000000014,5.841868947443835,5.841716398973126
55.35788,5.845726269877796,5.8418276754752885
55.40268,5.830122681305136,5.841932318389292
55.49228,5.829571482734045,5.842123369007104
55.53708,5.831000773312753,5.842211728107001
55.58187000000001,5.919276850122531,5.842296997612454
55.62666999999999,0.2810791874465238,5.842376628893371
55.67147,5.838829177547768,5.84245324058434
55.71627000000001,5.847174436271075,5.842527135530169
55.76106999999999,5.849223689572703,5.842598528817629
55.80587,5.847686944471237,5.842667746357952
55.89546999999999,5.82957472718793,5.842796907259723
55.94027,5.8736073997272795,5.842860688660692
55.98507000000001,5.594344175492762,5.842923956275767
56.02986000000001,5.827609273647819,5.842985883992942
56.07466,5.832890980256741,5.843047934274223
56.11946,5.848117239822516,5.843110326330826
56.16426000000001,5.872433890606126,5.843173429276808
56.20906,5.800617819200713,5.843237498642266
56.25386,5.828252256611726,5.843304437130903
56.34345999999999,5.838434476915544,5.843438916007083
56.38826,5.850312441401783,5.843512417785645
56.43305000000001,5.840258747835379,5.8435891111014815
56.47784999999999,5.833323040070545,5.843668887435919
56.52265,5.844189458323853,5.843751915723831
56.56745000000001,5.852721226147983,5.843838421014831
56.61224999999999,5.8543028898863225,5.843928565635978
56.65705,5.840299168379163,5.844022492323958
56.74664999999999,5.8422259521890485,5.844219200130068
56.79145,5.813234399738205,5.84433081958388
56.83625000000001,5.826695750082473,5.844446311594263
56.88104000000001,5.82597878726524,5.84456790891949
56.92584,5.868818907307531,5.844694004490038
56.97064,0.7368826330602152,5.844824585068809
57.01544000000001,5.8484972372805855,5.8449596537717685
57.06023999999999,5.8422710173146575,5.845099254232584
57.10504,5.854002811050036,5.845243296462018
57.14984000000001,5.840600886038673,5.8453941071314075
57.23944,5.83307935648833,5.845709460986445
57.28424000000001,5.823175838923425,5.845876166455303
57.32903999999999,5.845059590171512,5.846046349292654
57.37383,5.851774690905257,5.846219870528627
57.41863000000001,5.833517757727268,5.846396566980143
57.46342999999999,5.83022020833578,5.846576212752632
57.50823,5.96576050992795,5.846759602474605
57.55303000000001,6.149342848049302,5.846944909848443
57.64263,-0.0,5.84732453308549
57.687430000000006,5.902139545426435,5.847515568868926
57.73222999999999,5.939926972698149,5.84770748031214
57.77701999999999,5.868840399175562,5.847901190939066
57.821830000000006,5.85552896559566,5.848095093177244
57.86662999999999,5.954270804033476,5.848288651822859
57.91143,0.13156068167899293,5.8484815621893995
58.00102999999999,5.820135776664681,5.848867454421816
58.04581999999999,5.866106861145711,5.849054749425404
58.09062,5.889183756113566,5.8492402923573446
58.13542000000001,5.858255821177387,5.84942354435343
58.18021999999999,5.802603699231603,5.849603833307283
58.22502,5.840990835413759,5.8497780053617285
58.26981000000001,5.846299031805245,5.849949318088136
58.31460999999999,5.864232191236803,5.850114617273505
58.35942,5.83384071493254,5.8502745466512796
58.44900999999999,5.837079704321246,5.85058685207942
58.49382,5.862943000242641,5.850735481483836
58.538610000000006,5.82532177460363,5.850878243876606
58.58340999999999,5.8546942178884,5.851011230874145
58.62821,5.993036157048424,5.8511411952711825
58.71780999999999,0.45446794458368117,5.851385173617375
58.76261,5.868688588002615,5.8514980210783
58.85220000000001,5.944963525199219,5.851712869836145
58.94181,0.4154078396789175,5.851910342971439
58.98661000000001,5.877705582355573,5.851999031658537
59.03141,5.8857618265859895,5.85208441811322
59.07621,5.915387704378233,5.8521623819977595
59.2106,5.904319940215308,5.852378502905549
59.25540000000001,5.823393887238434,5.852428935068042
59.34499,5.836981375282221,5.852531102402826
59.389790000000005,5.87576896526187,5.852547296433765
59.43458999999999,5.886856826618195,5.852564460364204
59.47939,5.8928558094340895,5.852583036120639
59.52419,5.877014419536484,5.852598056078319
59.568990000000014,5.812964902053119,5.852607138907912
59.61379,5.830860874094872,5.852611275258132
59.65859,5.830595826865897,5.852614305588109
59.74817999999999,5.849617337682215,5.8525935531627065
59.79298,5.943012808263589,5.852574782687019
59.97219000000001,5.857283372180288,5.852449650532222
60.01698999999999,5.881907355794071,5.852406424994181
60.06179,5.869616567880484,5.852360559184645
60.10658000000001,5.845057799488494,5.85230936119667
60.15137999999999,5.845430042256861,5.852254084722155
60.24098000000001,5.8345094235264,5.852141188491136
60.28577999999999,5.872207569701638,5.852079710560593
60.33058,5.837362239970844,5.852017457193215
60.37538000000001,5.854687528444398,5.8519543906402545
60.42017999999999,5.859405432297568,5.8518887713706675
60.46498,5.867444051680833,5.851822866091041
60.509780000000006,5.832492687199781,5.851751147061978
60.59936999999999,5.836849449214094,5.851603393392149
60.68897000000001,5.837014862965627,5.851455567501543
60.73376999999999,5.854689933568722,5.851384720246154
60.77857,5.859407817661236,5.8513149973961935
60.82337000000001,5.828827247169621,5.851246174469035
60.86815999999999,5.833612882858359,5.851178905905263
60.91296,5.850257822722689,5.8511157911986365
60.95776000000001,5.8374777850948085,5.85105679704751
61.00255999999999,5.8344893963708575,5.8509993224959835
61.09216000000001,5.858265539812813,5.850887363474136
61.13695999999999,5.872313875863816,5.850838308862956
61.18176,5.843908850982197,5.85079329813042
61.226560000000006,5.848026490024168,5.850753436079701
61.27135999999999,5.903008198791787,5.850717642468331
61.31616,0.45881638749497394,5.8506859812381995
61.40575000000001,5.856534353777049,5.850637073772125
61.495360000000005,5.836397094542949,5.850605501211976
61.54015999999999,5.837084376195626,5.850603384407981
61.58494999999999,5.854764356141005,5.850606025992714
61.62975,5.87771274612836,5.850613405567943
61.67455000000001,5.857496945391361,5.850628210734445
61.71934999999999,5.8578854068194754,5.850648508685392
61.76414,5.934274606565976,5.85067874560302
61.80894000000001,1.150022239007411,5.850713375677745
61.89855,5.781059310533961,5.850801878980364
61.94335000000001,5.8486120918368645,5.85086236981138
61.98814999999999,5.84487495978904,5.850928336775233
62.03294,5.835616834190516,5.851002029878013
62.077740000000006,5.853546535785462,5.851080278759088
62.12253999999999,5.8621385440241,5.851163464572076
62.16732999999999,5.844394687405111,5.85125438872509
62.25693999999999,5.846214653439835,5.851453863500142
62.30174,5.89566770514089,5.851563456971605
62.39133000000001,0.20298479503238495,5.851795603739336
62.48094,5.821044813537881,5.852045528552986
62.52574000000001,5.833226486911683,5.852182263734334
62.57052999999999,5.860861867166273,5.852323014204671
62.61533,5.879669980821851,5.852468080818306
62.66013000000001,5.837402371005118,5.852620885421106
62.74972,5.853961077826904,5.852934087057589
62.794520000000006,5.9638044551906955,5.853100152294213
62.88412,6.052164412125266,5.853440807776654
62.928920000000005,5.949923426423983,5.853622778467788
62.97371999999999,5.975343298715337,5.853808605374396
63.01852,5.766799892097438,5.854000718419861
63.06332,5.860593578340683,5.854199666665447
63.10811000000001,5.8554495940590625,5.8544063707934555
63.19771,5.840198072706341,5.854831631460992
63.24252000000001,5.858705465666027,5.85505505713168
63.28732,5.868171671066017,5.8552809452577765
63.33212,5.844415560241743,5.855512504477211
63.37691000000001,5.856912322468833,5.855750125603493
63.42170999999999,5.867812456039685,5.855994383017877
63.46651,5.882677214732473,5.856244521652603
63.51131000000001,5.858313828113708,5.856497876768144
63.60091,5.871648873222458,5.857018592514545
63.69050999999999,5.844404276814459,5.8575530128790145
63.73531,5.868531698085387,5.85782615126195
63.78011000000001,5.854601371523606,5.8581049174242255
63.82490999999999,5.840154638278405,5.858387046005695
63.9145,5.87071508805386,5.858962908327157
63.95930000000001,5.842989747083186,5.8592613939252045
64.0489,5.863861259260761,5.859860216018492
64.09370000000001,5.872168983381452,5.8601676590643015
64.1385,5.8787395137067175,5.8604770247769515
64.1833,5.8689094600975045,5.860788236545548
64.22810000000001,5.8737407872311485,5.861103456244797
64.27288999999999,5.8857552075027035,5.861423238855459
64.31769,5.854439905024255,5.861745525498536
64.40729999999999,5.840005060475155,5.862401771277455
64.49689000000001,5.849598444781325,5.863067506290202
64.54168999999999,5.85373688388301,5.86340537900927
64.58649,5.841994604903002,5.8637444788661774
64.63129,5.844913626620439,5.864086229201494
64.67608000000001,5.854607339406633,5.864429084777046
64.72088,5.852851831205664,5.864772978696719
64.76568,5.84201843586851,5.8651173300874575
64.81048000000001,5.8627155378846725,5.865461100986842
64.90009,5.868935833912285,5.866153163988977
64.94488000000001,5.84102384655043,5.866495606040833
64.98967999999999,5.856491588564567,5.866837930760947
65.03448,5.853609267965006,5.867179578637843
65.07928000000001,5.873867343415273,5.867519712706765
65.12406999999999,5.8643496522590235,5.867858148937142
65.16887,5.861404911757213,5.868192584730793
65.39286999999999,5.849985600663016,5.869857112473061
65.43767,5.8501417383226695,5.870168733654589
65.48247,5.86930290157474,5.87047432910284
65.52726999999999,5.860315677761648,5.870774168968297
65.57207,5.847801493382917,5.871067165632071
65.61687,5.873295508260256,5.871354152608322
65.66166999999999,5.887423919242916,5.87163479824197
65.70647,5.8415579332563805,5.871909367569842
65.79606999999999,5.872956396061963,5.872440533398046
65.84085999999999,5.885400782732051,5.872682771439597
65.88566,5.85080321866835,5.8729120524523974
65.93046000000001,5.856914846464086,5.873113510966326
65.97525999999999,5.8670514979183315,5.873308561331718
66.02006,5.836628308105133,5.873496251736757
66.06486000000001,5.853305521453152,5.873675370365846
66.10965999999999,5.873643350473168,5.873839905198781
66.15446,5.883333909875903,5.87399663357631
66.24405999999999,5.881199113256669,5.874271849384569
66.28886,6.031388012390138,5.874397136253169
66.37844999999999,0.08797471270989846,5.874603377793117
66.46805,6.054875609990374,5.874774816702175
66.51284999999999,6.090437417930784,5.874836189915656
66.55763999999999,6.026425043838837,5.874886480553043
66.60245,6.092634907961918,5.874915555896266
66.69205,0.04797842117273346,5.8749667309605496
66.73685,5.9760081344566265,5.874961521322052
66.78165000000001,5.945394190825828,5.8749467273172336
66.82645,5.956947670438533,5.874922795904617
66.87125,5.959724963156771,5.874884190896221
66.91604000000001,5.614543807198089,5.874835999325895
66.96083999999999,5.891234799937275,5.874771615354528
67.00564,5.861141813029946,5.874682468535289
67.09523999999999,5.849721258008387,5.8744775319105464
67.14004,5.849996824006199,5.874355139423758
67.18484000000001,5.8750979392866585,5.874218032092861
67.22963999999999,5.8512855942594975,5.87406746175703
67.27444,5.833320166261866,5.8739092641598205
67.31923,5.856875458911758,5.873743378745632
67.36403000000001,5.835197257621603,5.873566072222781
67.40883,5.8475338487170445,5.87338252181975
67.49843000000001,5.858947068420255,5.872987452569726
67.54323,5.855262042504785,5.872783141292407
67.58803,5.8509268930302,5.8725742386932565
67.67761999999999,5.860999859963846,5.8721289046028255
67.72243,5.813634714053919,5.87190048339328
67.76722000000001,5.85841211906568,5.871666942039272
67.81201999999999,5.8840410035525474,5.871430891805921
67.90162000000001,5.851508371594418,5.870947944086808
67.94641999999999,5.8693794689711565,5.870704399837702
67.99122,5.854603581696908,5.870460149428769
68.03602000000001,5.85408069678249,5.87021519881298
68.08081000000001,5.876423062293931,5.869968135323958
68.12562,5.882032897270411,5.869720500363626
68.17041,5.842993602409547,5.869472613295573
68.26001,5.840841288739736,5.86897240587373
68.30481,5.842911308432665,5.868725683974166
68.39441,5.880808196541831,5.8682340435032305
68.43921,5.8893035371169,5.867994638252745
68.48400000000001,5.827477502092788,5.867757713698001
68.52881,5.888901866795161,5.867523131746013
68.57361,5.817893001181131,5.867291171910266
68.61841000000001,5.855158674227443,5.8670618917393424
68.66319999999999,5.880482236756815,5.866835494762054
68.708,5.861006246121411,5.866612101896328
68.75280000000001,5.865688154109427,5.866394374986301
68.84241,5.875013600964241,5.865970093616506
68.8872,5.86249584068065,5.865766386666513
68.93199999999999,5.858459103049004,5.865568225733838
68.9768,5.88801959211794,5.8653741093569325
69.02159,5.8440179050455185,5.865184129582168
69.06639999999999,5.8665370288124805,5.864998206251461
69.1112,5.86433663459494,5.8648164987088975
69.156,5.829030160455851,5.8646416896893365
69.24558999999999,5.8600200107428,5.864302085644115
69.29039,5.869984302766829,5.864140584852973
69.33519000000001,5.843504758949959,5.86398278516023
69.37998999999999,5.843505074468121,5.863831002148346
69.42479,5.871288681856422,5.86368314331859
69.46959000000001,5.812660466520322,5.863539083787738
69.51438999999999,5.863886861047299,5.8633987586814795
69.55919,5.8674281728340185,5.863262088050508
69.64878999999999,5.817038337680275,5.863001886405329
69.69359,5.873919069232673,5.862878510343344
69.73839000000001,5.875377983698342,5.862757875373025
69.78318999999999,5.834639466517408,5.8626418954661155
69.82793000000001,5.9101901808921475,5.8625289020958435
69.87272999999999,5.861159207486007,5.862418518022558
69.91753,5.830145414328725,5.862310704514223
69.96233000000001,5.913007344477065,5.862205357415234
70.00712999999999,5.88938297671882,5.862102352797062
70.09673000000001,5.846778600533398,5.861905473383295
70.14152999999999,5.878202997155692,5.861810179221868
70.18633,5.860129288363898,5.861717566899559
70.23113000000001,5.845143742254205,5.861626421785621
70.27592000000001,5.847017997062378,5.861536685616424
70.32072,5.867854563755369,5.861448157302525
70.36553,5.833339847580707,5.861360745031375
70.41032999999999,5.84932811078426,5.861274654551599
70.45513,5.850236838170866,5.861189354083663
70.54472000000001,5.840253198729308,5.861022247828714
70.58952,5.854068730437567,5.8609391540696745
70.63431,5.841077940889552,5.8608569986637615
70.67911000000001,5.850568798366123,5.860775207987535
70.72390999999999,5.884096357955573,5.860693656407461
70.76871,5.87871395611347,5.860612320608873
70.81351000000001,5.85830348222123,5.8605311813373975
70.90311,5.873954751262722,5.860369604155835
70.94791000000001,5.8462537155190795,5.8602887246170505
70.99270999999999,5.863622778451794,5.860207963522504
71.03751,5.872852456251188,5.860127320508487
71.0823,5.874674071046989,5.860046767409582
71.12715,5.8850909938440985,5.859966210492588
71.21674999999999,5.848138884547173,5.859805147187022
71.26155,5.88476443740835,5.859725174408745
71.30631,5.868307676118745,5.8596457516470535
71.39590999999999,5.849229967785206,5.859486778690454
71.44069999999999,5.888965545244454,5.859408529399206
71.4855,5.861326364032132,5.859330624831713
71.53030000000001,5.857857108875826,5.859253155333594
71.57509999999999,5.85024311789724,5.859176234241809
71.6199,5.849197753954982,5.859100451518599
71.66469000000001,5.8429526275448245,5.859026344531693
71.75429,5.898100150510009,5.858878833541221
71.84389999999999,5.857119645399283,5.858735336045535
71.93349,5.861500261121248,5.858595819299146
71.97828999999999,5.856398628532712,5.858529403138107
72.02309,5.896481649426821,5.858464704176739
72.06789,5.857881380370235,5.858401571569435
72.11268000000001,5.856266124138194,5.858341628296477
72.20228,5.895942824323578,5.858222968529004
72.33669,5.889680022130517,5.858054287911652
72.38149000000001,5.855847498646209,5.85800765425334
72.42627999999999,5.844124416945746,5.85796336004732
72.47108,5.890474205074369,5.857922076372237
72.51588000000001,5.854600959070082,5.857884251715587
72.56066999999999,5.905377749594612,5.857850429293886
72.60547,5.869811306878959,5.857823020241856
72.69506999999999,5.845244696646964,5.85777083791461
72.73987,5.9148255868485675,5.857754522132645
72.78467,5.893406094801686,5.857741120444809
72.82946999999999,5.857863663229346,5.857732400888745
72.87428,5.890005482108796,5.857731637298908
72.91907,5.849886565926478,5.857735165005199
72.96386999999999,5.824057426558735,5.8577431675796
73.00867,5.905380063911199,5.857755724905685
73.09827000000001,5.826275081785447,5.857796566596748
73.14307,5.8515806858320385,5.857827268604097
73.18787,5.852194410675225,5.857861790281851
73.23267000000001,5.794672411205272,5.857902751003786
73.27747,5.878879089566414,5.8579479072166265
73.32227,5.844847353548489,5.857997321612384
73.36706000000001,5.7828951828538635,5.858050891671269
73.41185999999999,5.887173973757438,5.858110722282162
73.45666,5.871392555538068,5.858175761598808
73.54625999999999,5.85737267638468,5.858321062329369
73.59106,5.844179682834309,5.858399178366566
73.63586000000001,5.862575929484912,5.858481405179669
73.68066999999999,5.856851138598143,5.85856573158904
73.72546,5.849441188529963,5.858652328493018
73.77026000000001,5.832527615373255,5.858742177677755
73.81505999999999,5.857119441251744,5.858834086596741
73.90466,5.8880097563313285,5.859028777144757
73.99425,5.8639016060102,5.859230318495008
74.12865,5.845384666379095,5.859543438740041
74.17346,5.875672994467852,5.859651555994617
74.21825000000001,5.863211106488988,5.8597616760223
74.26304999999999,5.871214221243289,5.859873047827902
74.30785,5.878341239841562,5.859985529301616
74.39743999999999,5.890483428205539,5.86021378958966
74.44224,5.902602022602276,5.860331086808144
74.48704000000001,5.873087468456806,5.86044855100692
74.53183999999999,5.854489732965888,5.860566170527585
74.57664,5.858166732955348,5.8606845316021525
74.62144,5.873088247108415,5.860803743094536
74.66623999999999,5.861856253022774,5.860924467058551
74.71104,5.8921009080250375,5.861045343617828
74.75584,5.904577858564163,5.8611663066802535
74.84544,5.844137188456003,5.861409910413153
74.93503000000001,5.828677733062905,5.86165323580721
74.97982999999999,5.8166606459080965,5.8617731639380075
75.02463,5.8654362915679235,5.861892528531759
75.06943999999999,5.840288364892333,5.862011300510965
75.11422999999999,5.860012313092029,5.86212920892298
75.20383000000001,5.857671023848623,5.862363673220318
75.24862999999999,5.8534075350415655,5.862477386128683
75.29343,5.95982335796519,5.8625899209582375
75.33823000000001,5.876599629033825,5.862701076213364
75.38302999999999,5.842904624751262,5.862810930302781
75.47263000000001,5.8401532232370865,5.863026711883238
75.51741999999999,5.854151149341954,5.863129461747898
75.56222,5.875891156455955,5.86322986498914
75.60702,5.784923603774828,5.863325153463282
75.69662,5.896928057496902,5.863513213884631
75.74142,5.8866246137443206,5.863599351123454
75.78621999999999,5.778366351096526,5.863681426366626
75.83100999999999,5.874051800725412,5.86375688228028
75.87581,5.873576287023259,5.8638296975685344
75.92062000000001,5.850819625103971,5.8638998085776795
75.96542,5.881482165253018,5.863967158205346
76.01021,5.868985821671112,5.864026141144202
76.09982,5.840959557558796,5.864127933811621
76.14461,5.918849427454826,5.864166571605105
76.18941000000001,5.868986556768893,5.864204289711534
76.23420999999999,5.862446562571674,5.864233880795468
76.3238,5.835379432117012,5.864281905001265
76.36860999999999,5.838243538422008,5.864298831210787
76.4134,5.854540484058355,5.864312346859544
76.4582,5.859588776065855,5.864322300248982
76.5478,5.8475627300908934,5.864322477314561
76.6822,5.946434918114302,5.864295331665437
76.77180000000001,5.827184901006268,5.864254449500101
76.81658999999999,5.894774971867945,5.86421790053353
76.90619000000001,5.901300599923358,5.864145105826075
76.951,5.860478170853963,5.86408294229154
76.99579,5.8848879979135065,5.864016685639274
77.04060000000001,5.880450582903754,5.863943449109522
77.08538999999999,5.860478896583667,5.863865621662491
77.17499000000001,5.816393637884754,5.863702921492658
77.21978999999999,5.898578832956233,5.86360495411021
77.26459,5.859335440826443,5.863499675673561
77.30938,5.862223105714822,5.863381448584532
77.35418000000001,5.912200634836079,5.863245895482354
77.44378,5.884889839982038,5.86295946288245
77.48858000000001,5.854451223455458,5.862795708417486
77.53338,5.920462664327969,5.862618911412321
77.57818,5.873280836849278,5.862436948041253
77.62298000000001,5.859146506136965,5.862249653651142
77.66778,5.911086216429507,5.862056903444658
77.71258,5.81484009375108,5.861851901951919
77.75737000000001,5.867890500415035,5.861636705482809
77.84698,5.891330953836898,5.861184025045369
77.89178000000001,5.904172417269951,5.860948750419957
77.93657999999999,5.840967604774437,5.860708819921711
78.02618000000001,5.795406331761218,5.860203950881534
78.07097999999999,5.895980840779484,5.859943223194926
78.11577,5.863764821952062,5.859678271051463
78.16057,5.786576389155539,5.859409097180378
78.20536999999999,5.971506903833637,5.859133912801984
78.29496,5.855654193648612,5.8585731607238305
78.33976000000001,5.851956439764346,5.858287828821609
78.38456,5.830110078082725,5.85800065714256
78.42936,5.821435964051025,5.857709783187488
78.47416999999999,5.840804260958147,5.857417301839799
78.51897,5.838041804763942,5.857123564014973
78.56376,5.8522688442352875,5.856827405895959
78.60856000000001,5.820660437296277,5.85653066482554
78.69816,5.879489102502321,5.855932692239199
78.74296000000001,5.804306515583389,5.855638232831369
78.78774999999999,5.83862687307256,5.85534519574977
78.83255,5.832817710897419,5.85505344371549
78.87735,5.774193342495475,5.854763748252561
78.92214999999999,5.877093963087784,5.854476349536283
78.96695,5.877782521184817,5.854191820376486
79.01176000000001,5.808933305510382,5.8539103006048485
79.05654999999999,5.886362404007866,5.853632386856265
79.10135,5.862150991896259,5.853361218871318
79.19094999999999,5.82189854201122,5.852826360138805
79.23575,5.837047456870418,5.852570682345435
79.28055,5.840550690850239,5.852319801910465
79.32534000000001,5.819407619461175,5.852073959955029
79.37013999999999,5.823176217804863,5.851833240497081
79.41494,5.859456845945782,5.851601927450965
79.45974000000001,5.86161960492842,5.851375678956092
79.50453999999999,5.877374369549297,5.85115833125074
79.59414000000001,5.754573678039979,5.85073595792721
79.63893999999999,5.85029550622011,5.850536445251057
79.68374,5.896075432957735,5.850341719638385
79.72854000000001,5.814175838630898,5.850156040004496
79.77333999999999,5.8593466370308125,5.849976139321898
79.81814,5.844353816286,5.849802281640214
79.90772999999999,5.822334090928195,5.849471543452284
79.95254,5.838366705446872,5.849322125676877
80.04212999999999,5.851865073838637,5.849032040490747
80.08693,5.8368820545331825,5.848901395517829
80.13173,5.824958420755545,5.848775914852623
80.17653000000001,5.842144293567314,5.848658754779726
80.22131999999999,5.850220407545148,5.848547219733208
80.26613,5.866729889393619,5.848441188747491
80.31092000000001,5.835053122878874,5.8483443630347045
80.35573,5.85039845394408,5.848254909994266
80.44532000000001,5.816077040779563,5.8480910800716215
80.49011999999999,5.919394464092695,5.848020149103147
80.53492,5.865443882343736,5.847952608372919
80.57972000000001,5.845911970069372,5.847892497156685
80.62451999999999,5.87193697170194,5.847836354929882
80.66932,5.845313469899429,5.8477841222275515
80.71412000000001,5.848881767813177,5.847735508115021
80.80372,5.802638008561387,5.847654096140624
80.89331999999999,5.907655052741027,5.847585529315346
80.93811,5.88937519914512,5.8475554456769
80.98291,5.785799730422303,5.84752635928293
81.02771999999999,5.84993996551981,5.847500276569451
81.07251,5.94407205294473,5.847475251510892
81.11731,5.816412001261563,5.847451212907921
81.16211000000001,5.834846541406258,5.847427728620532
81.20691,5.82660475683319,5.8474039829405875
81.29651000000001,5.82169702208048,5.847361854926623
81.3861,5.818927720675177,5.847318908407642
81.43090000000001,5.83274934801926,5.8472937563354535
81.47569999999999,5.933908389131688,5.84726737101265
81.5205,5.86490862646733,5.847238683123417
81.56530000000001,5.845144400994792,5.847207761570894
81.61009999999999,5.84531707556265,5.847174530111713
81.6549,5.810532798548949,5.8471360021724665
81.74449000000001,5.8989852249622725,5.847054071512476
81.78929,5.859293135593867,5.847003747578484
81.83409,5.74935606024163,5.84695137063312
81.87889000000001,5.898478902646159,5.846894855540419
81.9237,5.863736115168506,5.846832904246139
81.96849,5.829429116417251,5.846758103461893
82.01329000000001,5.897050969193722,5.84668150941062
82.05808999999999,5.883334406316308,5.846602539554142
82.14769000000001,5.838641037781371,5.846430410812786
82.23728,5.845272743417618,5.846242888116206
82.28208000000001,5.754216400630415,5.846143019070693
82.32687999999999,5.836326023220204,5.84603290419189
82.37168,5.833623452421339,5.845916252329121
82.41648,5.841163740158125,5.845793864918919
82.59567999999999,5.8733914770974325,5.845278907811231
82.64048,5.887427259513823,5.845131411603856
82.68528,5.776026503398052,5.844981436559079
82.73007000000001,5.917522127539303,5.844828855673768
82.77486999999999,5.864589344815041,5.844673714892404
82.81967,5.855564611158367,5.844512306096779
82.90928,5.837200347692807,5.8441674998278295
82.99887000000001,5.84274013840219,5.843804777589765
83.08847,5.797843268030038,5.843423288331938
83.13327000000001,5.8623412526188705,5.843217763977658
83.17806999999999,5.887016320988023,5.843008413022962
83.22287,5.70501607185946,5.842788015943809
83.26767000000001,5.857774252421217,5.842562526543062
83.31245999999999,5.872098784987633,5.842332013889658
83.35726,5.798951804482926,5.84209212296798
83.44685999999999,5.934233257493947,5.841601796092296
83.49166,5.901195345802308,5.84134445640862
83.53646,5.829659886420503,5.841080359230363
83.58125999999999,5.803661527956688,5.840808523722686
83.62606,5.810568933632852,5.84052808279647
83.67086,5.81642161552511,5.840242339167138
83.71566000000001,5.802173634005587,5.839951313717652
83.76044999999999,5.882171145849147,5.839655411675294
83.85005000000001,5.796533138453412,5.839048577787342
83.89486,5.818836495651318,5.838733944425728
83.93966,5.811659490749501,5.838415979230754
83.98446000000001,5.828244780172785,5.838091878037511
84.02924999999999,5.826834176082634,5.837764295538573
84.07405,5.82683435316304,5.837433282204657
84.11885000000001,5.874998799860791,5.837099182407477
84.16364999999999,5.8714362321803,5.836762370621413
84.20844,5.7350864701025595,5.836422293934624
84.25324,5.891841931126196,5.836079749212828
84.34285,5.864337343806889,5.835385568879364
84.38765000000001,5.824494035170507,5.835036503119197
84.43244999999999,5.91160634371044,5.83468670426383
84.47724,5.837756196000331,5.834336569951203
84.52204,5.837114885595194,5.8339861397584425
84.56684000000001,5.923710441512011,5.833635768068049
84.61164,5.88593121808515,5.833286258805865
84.70123000000001,5.842676614076075,5.832584971703332
84.79084,5.8256776162797665,5.831886504474973
84.83564000000001,5.8435764086092385,5.831541447644602
84.88042999999999,5.8274851282751685,5.8311978307486365
84.92523,5.708633012981905,5.830856075075324
85.01482999999999,5.882204077219341,5.830173687767236
85.05963,5.808895659392272,5.829838851344992
85.10443000000001,5.860974443911325,5.829509825521975
85.19403,5.849611952014993,5.828851731012661
85.23883000000001,5.856940271554534,5.82853218310165
85.28362999999999,5.965327896133496,5.828215544346483
85.32843,5.879159925593016,5.827903168001179
85.37322,5.832311638060988,5.827596091393702
85.41802000000001,5.801092437486844,5.827292857579464
85.46282,5.806675105304093,5.826993644201084
85.50762,5.7703662249305365,5.826701548200716
85.59722,5.8071981506575145,5.826131011235858
85.64202,5.806930410881178,5.825855599189445
85.68682000000001,5.867919843199555,5.825584103029162
85.73161999999999,5.891271988045964,5.825319316125085
85.77642,5.720711666061448,5.825058924942596
85.82121000000001,5.750702689460106,5.824805795733251
85.86600999999999,5.940821946952902,5.824556215853222
85.91082,5.784635051447182,5.824312330049811
86.00040999999999,5.787968326209588,5.823836041263577
86.04521,5.825144282844959,5.8236034402053205
86.09001,5.810705920724842,5.823373292187942
86.13480999999999,5.88900738723197,5.8231484577517385
86.17961,5.832818134380683,5.822926252109749
86.22441,5.807856859324833,5.822706585035554
86.314,5.856979517868568,5.82227687048624
86.35881,5.828644527224325,5.822063630359471
86.44841,5.793267385806929,5.821644064530902
86.4932,5.793267546531987,5.821434845499512
86.53799000000001,5.841657994071694,5.821225701806862
86.58278999999999,5.901288196921018,5.82101658964336
86.62759,5.695469599244495,5.820806976705904
86.67239000000001,5.868791775167516,5.8205967533227785
86.71718999999999,6.053246457164556,5.820385632221354
86.76199,5.748618537374556,5.820171462508846
86.80679,5.840669278056117,5.819955902845019
86.89638,5.887678718630842,5.81952253498776
86.94118,5.886309455886999,5.819298994931217
86.98598000000001,5.862160699640687,5.819071458738142
87.07558,5.758634517250726,5.818612244802889
87.12038000000001,5.834307289284472,5.818372510285284
87.16517999999999,5.841397947467262,5.818128061478247
87.20998,5.799754885744279,5.817878361050527
87.29957999999999,5.897978160320561,5.817365385727092
87.34438,5.830387710386522,5.817090570642455
87.38917000000001,5.721511275270511,5.816809875681363
87.43396999999999,5.838633438977377,5.816523287161224
87.47877,5.879835920986451,5.816227849208253
87.52358000000001,5.793794335051031,5.815925762989291
87.56837999999999,5.784997049462943,5.81561720986589
87.61318,5.854582200383212,5.8152972602134785
87.65797,5.822068488459707,5.814964170521857
87.74757,5.929232224436918,5.814265159931953
87.79237,5.759717438323158,5.813897267657341
87.83716999999999,5.818553055689937,5.813519874781375
87.88197,5.964039834839331,5.813136486638245
87.92677,6.170984686554652,5.812746599243284
87.97156000000001,1.2049212011580483,5.812349948453535
88.01635999999999,5.854448059452801,5.811946059999525
88.06116,5.944091426651722,5.811531437177799
88.15075999999999,5.825116325629187,5.8106752203000935
88.28515999999999,5.832380262942157,5.80934917564655
88.32996,5.789472673242302,5.8088880788377635
88.37476000000001,5.85081006906401,5.8084180465017035
88.41955999999999,5.687914509175999,5.807941880081124
88.46436,5.90684666856858,5.807459769483492
88.50916000000001,5.840840638738424,5.806971830286996
88.55395999999999,5.649466548044152,5.806473711824956
88.64355,5.8696467313581895,5.805467254983168
88.68835000000001,5.919466854808117,5.804951503897254
88.73315,5.8111650702594195,5.804432201438657
88.77795,5.821362303574114,5.803906410734313
88.82275000000001,5.8716264961371545,5.803369709769331
88.86755,5.899559537781199,5.802828839866196
88.91234,5.79813566720916,5.802284270380093
88.95714000000001,5.803134838773117,5.801735979381094
89.04674,5.7965508937257315,5.8006247690174275
89.09154000000001,5.817986385570431,5.800065475439494
89.13633999999999,5.7757130986990015,5.799502738819271
89.18114,5.859756800096833,5.798940002199048
89.22594000000001,5.891799223384276,5.798377265578824
89.27073999999999,5.8603188920198575,5.797814528958602
89.31553,5.888943588059227,5.79725191794923
89.36033,5.8338856704457465,5.796689181329008
89.40513000000001,5.80824421491182,5.796126444708785
89.49473,5.9334414244555775,5.795000971468339
89.53953000000001,5.862266366056513,5.794438234848115
89.58433,5.801428273152441,5.793875498227892
